sensor,score
sensor8,0.7682647308273447
sensor4,0.6479024800901202
sensor0,0.5167519847856252
sensor3,0.3969111885238831
sensor9,0.32490961421332915
sensor7,0.3204824262305868
sensor1,0.31709392514597345
sensor6,0.3023605885877521
sensor5,0.2939695542014286
sensor2,0.2865246084623111
