sensor,score
sensor8,0.5960413999146394
sensor6,0.3364964788732394
sensor0,0.04797654120784864
sensor1,0.009679095098449936
sensor3,0.006666666666666666
sensor4,0.0031398182391559736
sensor2,0.0
sensor5,0.0
sensor7,0.0
sensor9,0.0
