sensor,score
sensor8,0.6606179222510383
sensor4,0.607622834549677
sensor0,0.5432950594605447
sensor3,0.43363644436420107
sensor1,0.2520073422600956
sensor5,0.2241471942152444
sensor7,0.17561219180184692
sensor9,0.09490706714608717
sensor2,0.03877543484999279
sensor6,0.007414425122675146
